interval,pred_XGboost,run_avg,time
1 - 1000,3275.489990234375,3275.489990234375,1000
101 - 1100,3665.305419921875,3470.397705078125,1100
201 - 1200,3616.574951171875,3519.123291015625,1200
301 - 1300,3546.924072265625,3526.073486328125,1300
401 - 1400,3685.478271484375,3557.954345703125,1400
